Ingredient,g/ml,g/dl,g/l,g/t,g/T,g/floz,g/oz,g/cup,g/pt,g/qt,g/gal,g/lb
Agave syrup,,,,,,,28.0,336.0,,,,
All-Purpose Flour,,,,,,,28.2,120.0,,,,
Almonds (sliced),,,,,,,28.7,86.0,,,,
Almonds (slivered),,,,,,,28.5,114.0,,,,
"Almonds, whole (unblanched)",,,,,,,28.4,142.0,,,,
Amaranth flour,,,,,,,28.5,103.0,,,,
Apple juice concentrate,,,,,,,28.0,280.0,,,,
"Apples (dried, diced)",,,,,,,28.3,85.0,,,,
"Apples (peeled, sliced)",,,,,,,28.2,113.0,,,,
Applesauce,,,,,,,28.3,255.0,,,,
"Apricots (dried, diced)",,,,,,,28.4,128.0,,,,
Baker's Fruit Blend,,,,,,,28.4,128.0,,,,
"Baker's Special Sugar (superfine sugar, castor sugar)",,,,,,,28.1,190.0,,,,
Baking powder,,,,4.0,,,,,,,,
Baking soda,,,,6.0,,,,,,,,
Baking Sugar Alternative,,,,,,,28.3,170.0,,,,
Bananas (mashed),,,,,,,28.4,227.0,,,,
Barley (cooked),,,,,,,28.2,215.0,,,,
Barley (pearled),,,,,,,28.4,213.0,,,,
Barley flakes,,,,,,,28.4,92.0,,,,
Barley flour,,,,,,,28.3,85.0,,,,
Berries (frozen),,,,,,,28.4,142.0,,,,
Better Cheddar Cheese Powder,,,,,,,28.5,114.0,,,,
Blueberries (dried),,,,,,,28.4,156.0,,,,
Blueberries (fresh or frozen),,,,,,,28.3,170.0,,,,
Blueberry juice,,,,,,,28.4,241.0,,,,
Boiled cider,,,,,,,28.3,340.0,,,,
Bran cereal,,,,,,,28.3,60.0,,,,
Bread crumbs (dried),,,,,,,28.0,112.0,,,,
Bread crumbs (fresh),,,,,,,28.0,84.0,,,,
"Brown sugar (dark or light, packed)",,,,,,,28.4,213.0,,,,
Buckwheat (whole),,,,,,,28.3,170.0,,,,
Bulgur,,,,,,,28.3,152.0,,,,
Butter,,,,,,,28.2,14.1,,,,
Buttermilk,,,,,,,28.4,227.0,,,,
Buttermilk powder,,,,,9.0,,26.9,,,,,
Cacao nibs,,,,,,,28.2,120.0,,,,
Cake Enhancer,,,,,7.0,,28.0,,,,,
Caraway seeds,,,,,9.0,,29.0,,,,,
Carrots (diced),,,,,,,28.4,142.0,,,,
Carrots (grated),,,,,,,28.3,99.0,,,,
Cashews (chopped),,,,,,,28.2,113.0,,,,
Cashews (whole),,,,,,,28.2,113.0,,,,
Celery (diced),,,,,,,28.4,142.0,,,,
Cheese (Feta),,,,,,,28.5,114.0,,,,
Cheese (Ricotta),,,,,,,28.4,227.0,,,,
Cherries (candied),,,,,,,28.6,200.0,,,,
Cherries (dried),,,,,,,28.4,142.0,,,,
"Cherries (fresh, pitted, chopped)",,,,,,,27.8,160.0,,,,
Cherries (frozen),,,,,,,28.2,113.0,,,,
Cherry Concentrate,,,,,21.0,,28.0,,,,,
Chickpea flour,,,,,,,28.3,85.0,,,,
Chives (fresh),,,,,,,28.0,42.0,,,,
Chocolate (chopped),,,,,,,28.3,170.0,,,,
Chocolate Chips,,,,,,,28.3,170.0,,,,
Chocolate Chunks,,,,,,,28.3,170.0,,,,
Cinnamon-Sugar,,,,,,,28.6,200.0,,,,
Cocoa (unsweetened),,,,,,,28.0,84.0,,,,
"Coconut (sweetened, shredded)",,,,,,,28.3,85.0,,,,
Coconut (toasted),,,,,,,28.3,85.0,,,,
"Coconut (unsweetened, desiccated)",,,,,,,28.3,85.0,,,,
"Coconut (unsweetened, shredded)",,,,,,,28.2,53.0,,,,
"Coconut milk; canned, well shaken",,,,,,,28.4,241.0,,,,
Coconut oil,,,,,,,28.2,226.0,,,,
Coconut sugar,,,,,,,28.0,154.0,,,,
Confectioners' sugar (unsifted),,,,,,,28.4,113.5,,,,
Cookie crumbs,,,,,,,28.3,85.0,,,,
Corn (popped),,,,,,,28.0,5.2,,,,
Corn syrup,,,,,,,28.4,312.0,,,,
Cornstarch,,,,,,,28.0,112.0,,,,
Cracked wheat,,,,,,,28.4,149.0,,,,
Cranberries (dried),,,,,,,28.5,114.0,,,,
Cranberries (fresh or frozen),,,,,,,28.3,99.0,,,,
"Cream (heavy cream, light cream, or half & half)",,,,,,,28.4,227.0,,,,
Cream cheese,,,,,,,28.4,227.0,,,,
Cream of coconut,,,,,,,28.4,284.0,,,,
Crystallized ginger,,,,,,,28.3,184.0,,,,
Currants,,,,,,,28.4,142.0,,,,
Dates (chopped),,,,,,,28.4,149.0,,,,
Dried nonfat milk (powdered),,,,,,,28.0,112.0,,,,
Dried whole milk (powdered),,,,,,,28.6,100.0,,,,
Egg (fresh),,,,,,,28.6,,,,,
Egg white (fresh),,,,,,,28.0,,,,,
Egg whites (dried),,,,,5.5,,28.9,,,,,
Egg yolk (fresh),,,,,,,28.0,,,,,
"Figs (dried, chopped)",,,,,,,28.4,149.0,,,,
First Clear Flour,,,,,,,28.3,106.0,,,,
Flax meal,,,,,,,28.6,100.0,,,,
Flaxseed,,,,,,,28.0,140.0,,,,
Garlic (minced),,,,,14.0,,28.0,,,,,
Garlic (peeled and sliced),,,,,,,28.4,149.0,,,,
Ghee,,,,,,,29.3,176.0,,,,
"Ginger (fresh, sliced)",,,,,,,28.5,228.0,,,,
Gluten-Free sourdough starter,,,,,,,30.1,241.0,,,,
Glutinous rice flour,,,,,,,28.2,120.0,,,,
Graham cracker crumbs (boxed),,,,,,,28.3,99.0,,,,
Graham crackers (crushed),,,,,,,28.4,142.0,,,,
Granola,,,,,,,28.2,113.0,,,,
Hazelnut flour,,,,,,,28.5,89.0,,,,
Hazelnut spread,,,,,,,28.5,320.0,,,,
Hazelnuts (whole),,,,,,,28.4,142.0,,,,
Honey,,,,,21.0,,28.0,,,,,
Instant ClearJel,,,,,11.0,,28.9,,,,,
Italian-Style Flour,,,,,,,28.3,106.0,,,,
Jam or preserves,,,,,,,28.3,340.0,,,,
Key Lime Juice,,,,,,,28.4,227.0,,,,
Lard,,,,,,,28.2,226.0,,,,
Leeks (diced),,,,,,,28.3,92.0,,,,
Lemon juice,,,,,14.0,,,,,,,
Lime Juice Powder,,,,,9.0,,29.0,,,,,
Malt syrup,,,,,21.5,,28.7,,,,,
Maple sugar,,,,,,,28.4,156.0,,,,
Maple syrup,,,,,,,28.4,312.0,,,,
Marshmallows (mini),,,,,,,28.7,43.0,,,,
Marzipan,,,,,,,28.7,290.0,,,,
Mascarpone cheese,,,,,,,28.4,227.0,,,,
Mashed sweet potatoes,,,,,,,28.2,240.0,,,,
Mayonnaise,,,,,,,28.2,226.0,,,,
Milk (evaporated),,,,,,,28.2,226.0,,,,
Milk (fresh),,,,,,,28.4,227.0,,,,
Millet (whole),,,,,,,28.5,206.0,,,,
Mini chocolate chips,,,,,,,28.3,177.0,,,,
Molasses,,,,,,,28.3,340.0,,,,
Mushrooms (sliced),,,,,,,28.4,78.0,,,,
Oat flour,,,,,,,28.3,92.0,,,,
Olive oil,,,,,,,28.6,200.0,,,,
Olives (sliced),,,,,,,28.4,142.0,,,,
"Onions (fresh, diced)",,,,,,,28.4,142.0,,,,
Paleo Baking Flour,,,,,,,28.7,104.0,,,,
Palm shortening,,,,,,,30.0,180.0,,,,
Peaches (peeled and diced),,,,,,,28.3,170.0,,,,
"Peanuts (whole, shelled)",,,,,,,28.4,142.0,,,,
Pears (peeled and diced),,,,,,,28.3,163.0,,,,
Pecan Meal,,,,,,,29.1,80.0,,,,
Pecans (diced),,,,,,,28.5,114.0,,,,
Pie Filling Enhancer,,,,,,,28.4,184.0,,,,
Pine nuts,,,,,,,28.4,142.0,,,,
"Pineapple (crushed, drained)",,,,,,,28.4,256.0,,,,
Pineapple (dried),,,,,,,28.4,142.0,,,,
"Pineapple (fresh or canned, diced)",,,,,,,28.3,170.0,,,,
Pistachio nuts (shelled),,,,,,,28.3,120.0,,,,
Pistachio Paste,,,,,,,28.4,312.0,,,,
Pizza sauce,,,,,,,28.5,228.0,,,,
Pizza Seasoning,,,,,5.0,,30.3,,,,,
Polenta (coarse ground cornmeal),,,,,,,28.3,163.0,,,,
Poppy seeds,,,,,9.0,,29.0,,,,,
Potato Flour,,,,,,,28.4,184.0,,,,
Potato starch,,,,,,,28.3,152.0,,,,
Quinoa (cooked),,,,,,,28.3,184.0,,,,
Quinoa (whole),,,,,,,28.3,177.0,,,,
Quinoa flour,,,,,,,28.4,110.0,,,,
Raisins (packed),,,,,,,28.3,170.0,,,,
Raspberries (fresh),,,,,,,28.2,120.0,,,,
"Rhubarb (sliced, 1/2"" slices)",,,,,,,28.2,120.0,,,,
"Rice (long grain, dry)",,,,,,,28.3,198.0,,,,
Rice flour (white),,,,,,,28.4,142.0,,,,
Rice Krispies,,,,,,,28.0,28.0,,,,
Rye Chops,,,,,,,28.2,120.0,,,,
Rye flakes,,,,,,,28.3,124.0,,,,
Rye Flour Blend,,,,,,,28.3,106.0,,,,
"Salt (Kosher, Morton's)",,,,,16.0,,,,,,,
Salt (table),,,,,18.0,,,,,,,
Scallions (sliced),,,,,,,28.4,64.0,,,,
Self-Rising Flour,,,,,,,28.2,113.0,,,,
Sesame seeds,,,,,,,28.4,142.0,,,,
Shallots (peeled and sliced),,,,,,,28.4,156.0,,,,
Sorghum flour,,,,,,,28.3,138.0,,,,
Sour cream,,,,,,,28.4,227.0,,,,
Sourdough starter,,,,,,,30.1,241.0,,,,
Soy flour,,,,,,,28.0,140.0,,,,
Sparkling Sugar,,,,,,,28.5,228.0,,,,
Sprouted Wheat Flour,,,,,,,28.2,113.0,,,,
Steel cut oats,,,,,,,28.0,140.0,,,,
Sticky Bun Sugar,,,,,,,28.3,99.0,,,,
Strawberries (fresh sliced),,,,,,,28.4,167.0,,,,
Sugar substitute (Splenda),,,,,,,28.4,25.0,,,,
Sunflower seeds,,,,,,,28.0,140.0,,,,
Tapioca starch or flour,,,,,,,28.2,113.0,,,,
Teff flour,,,,,,,28.4,135.0,,,,
The Works Bread Topping,,,,,,,28.0,140.0,,,,
Toffee chunks,,,,,,,28.4,156.0,,,,
Tomato paste,,,,,14.5,,29.0,,,,,
Turbinado sugar (raw),,,,,,,28.2,180.0,,,,
Vegetable oil,,,,,,,28.3,198.0,,,,
Vegetable shortening,,,,,,,28.4,184.0,,,,
Vital Wheat Gluten,,,,,9.0,,29.0,,,,,
Walnuts (chopped),,,,,,,28.2,113.0,,,,
Walnuts (whole),,,,,,,28.4,128.0,,,,
Water,,,,,,,28.4,227.0,,,,
Wheat berries (red),,,,,,,28.3,184.0,,,,
Wheat bran,,,,,,,28.6,64.0,,,,
Wheat germ,,,,,,,28.0,112.0,,,,
White Chocolate Chips,,,,,,,28.3,170.0,,,,
White Rye Flour,,,,,,,28.3,106.0,,,,
White Whole Wheat Flour,,,,,,,28.2,113.0,,,,
Whole Grain Flour Blend,,,,,,,28.2,113.0,,,,
Whole Wheat Flour (Premium 100%),,,,,,,28.2,113.0,,,,
Yeast (instant),,,,3.0,,,30.0,,,,,
Yogurt,,,,,,,28.4,227.0,,,,
Zucchini (shredded),,,,,,,28.6,150.0,,,,
